renda_mensal,idade,tempo_empresa,possui_dividas,inadimplente
4745.071229516849,61,1.221700812265905,1,0
3792.603548243223,57,0.07963786564400883,0,0
4971.5328071510385,28,0.07346757381159096,0,0
6284.544784612038,20,5.345968836417418,0,0
3648.7699379149963,23,0.9567786192901051,1,0
3648.7945645762293,26,2.189923781155562,1,0
6368.819223261087,23,1.064567970239679,0,0
5151.152093729363,26,8.47438810847557,0,0
3295.7884210975717,56,0.900465654601783,1,0
4813.840065378947,48,1.6845510492557714,0,0
3304.8734607813067,49,6.184339299346778,1,0
3301.4053696446144,58,5.534219612946385,1,0
4362.943407349051,29,0.6177585380716859,0,0
1130.079633013303,25,4.868227731746382,0,0
1412.623251230451,25,1.8385024394473648,1,0
3156.568706138541,45,1.9789565926613777,1,0
2480.7533194983644,37,0.42981017069370797,0,0
4471.37099889291,64,0.2521069262199701,1,0
2637.963886718184,24,3.905190304354317,0,0
1881.544447997063,28,2.0582832437905503,0,0
6198.473153382331,37,1.7226315124233937,1,0
3661.3355492701967,33,3.9225408039451137,1,0
4101.292307031886,21,4.351064096902156,0,0
1862.877720679815,23,0.5191632922811984,1,1
3183.425913212226,39,2.826558038750541,0,0
4166.383884564799,43,0.43630559858362417,0,0
2273.5096338665458,20,4.175429663482048,0,0
4563.547027518508,58,3.209682301847832,1,0
3099.0419651217926,59,9.412898357880973,0,0
3562.459375310085,31,0.21435272252559684,0,0
3097.4400816559046,28,0.1762410804745124,0,0
6778.417276763406,35,0.9946388807845921,1,0
3979.754162893099,29,0.9102381940691495,0,0
2413.433606566149,40,0.8509856888871817,1,1
5233.817368154783,29,7.101517422648929,0,0
2168.7345250434664,30,0.8612315656908199,0,0
4313.295392507133,42,0.9521555269625843,0,0
1060.4948141803366,62,4.273836760791483,1,0
2007.7209266523541,36,1.792092296595171,1,0
4295.291853803686,63,4.497859194775379,0,0
5107.6998699931155,53,0.20280131628577547,0,0
4257.052421784956,62,2.00578047631121,0,0
3826.527576417639,25,0.10257457481384949,0,0
3548.344456616067,46,0.19410585453189577,0,0
1782.2170144488591,49,7.107375354436452,0,0
2920.233687407937,61,0.4498373971393351,0,0
3309.0418435603187,35,2.2805588431866295,0,0
5585.683339328374,23,1.588474265755684,0,0
4515.427434352692,35,1.2801121667836097,1,0
1355.439766955899,36,6.902759811026481,0,0
4486.125954092193,39,0.0661951480650046,0,0
3422.376579375525,54,3.2700551424980686,1,0
2984.616999541062,49,9.9226649384051,0,0
4917.514433261302,58,2.464088580842556,0,0
5546.499283743927,20,8.285419358757357,0,0
5396.920178674298,45,0.16101851488747215,0,0
2741.1737151660423,27,1.6279465568918883,0,0
3536.181436223178,52,0.9039550396520661,0,0
4496.895147105346,46,3.937135689219421,1,0
5463.317690683539,32,11.937228536525048,0,0
3281.238643232065,50,0.8892808427509542,0,0
3721.5115350042743,24,3.185463779490095,0,0
2340.4975389909578,29,0.6623052454028389,0,0
2205.690063878994,47,2.499506226443875,0,0
5218.7887335912965,38,1.8704855045169655,1,0
6034.360042856235,48,10.727223392724346,0,0
3891.984817629499,41,2.8135182841132,0,0
5505.299346838036,37,1.2900713302587317,0,0
4542.454037571451,54,0.3634393307268605,0,0
3032.3203680923134,21,0.49196059116430885,1,0
4542.093408262621,45,0.7659038254226469,0,0
6307.054849698954,61,0.8669153566841095,0,0
3946.260941335073,37,5.703706482789332,0,0
6346.965483721009,41,2.471290455350384,1,0
800.0,49,2.2231759343563304,0,0
5232.853756562836,58,0.3657195190238937,0,0
4130.570602357257,53,5.9013334924652625,1,0
3551.488974301199,51,3.8492028356215817,1,0
4137.641164803254,53,0.2102000781585489,0,0
1018.6466280986606,19,3.691310701807363,0,0
3670.492168243732,32,2.3527509018521515,0,0
4535.668857267619,51,0.2557762364090048,0,0
6216.841067112275,53,1.8391323618201074,0,0
3222.594672589529,23,1.9889964552448052,0,0
2787.2595956602186,56,0.5437547328654494,0,0
3247.364434623195,59,8.739590782198487,0,0
5373.103176553112,29,5.690867424704055,0,0
4493.126664489527,20,3.3171131707806536,1,0
3205.3596943494417,62,1.861338719006657,0,0
4769.901149670034,35,1.591889015270532,0,0
4145.61632402206,57,3.1578220029421757,0,0
5452.967485799334,38,2.365222422911377,1,0
2946.9203591839714,32,0.19288959008137968,0,0
3508.506780103348,50,2.1554112658021065,0,0
3411.8377703017636,52,4.925939365104397,0,0
1804.727577801822,43,1.8443384853966902,0,0
4444.180415596864,25,0.160064920525348,0,0
4391.582908269834,53,4.629240320433711,0,0
4007.6701849636916,47,0.6745492010576221,0,0
3648.1192999372797,40,0.8977292722451107,1,0
1876.9438869243786,59,0.5399158302522049,0,0
3369.0320158519617,61,1.2023958314151426,0,0
3485.9282252098456,31,4.2410152434495485,1,0
2796.5840961675717,31,2.1980716005721286,0,0
3758.0714325009862,19,0.6877915043612652,0,0
4606.076285221808,54,6.307027203796463,0,0
6829.278851815796,22,6.350355153239503,0,0
4261.866719247759,55,6.13404054030731,1,0
4386.325586084146,62,0.8185624992207623,1,0
3888.3311263507494,58,1.8002786892968792,0,0
1121.8431770514376,64,12.597047174789854,0,0
3960.2291868261746,31,4.435393116548336,1,0
4090.34531491154,56,0.08262983591064457,1,0
7694.863168727929,42,0.20228276345733154,1,0
3711.458552828316,37,1.8704792933131886,0,0
4452.321013500418,19,7.197955648961043,0,0
3947.932345442135,56,2.3211317580117616,1,0
2246.982943570702,23,2.0663452171466763,0,0
5714.234221772531,34,0.33438292354981325,0,0
5127.899549030161,42,3.2081518293928872,0,0
5186.547920564571,45,5.179654351890599,0,0
2635.9188178078916,19,1.4361403859015527,0,0
6104.191466404149,52,4.483133755015115,0,0
1897.2234058115787,54,10.012695486156295,1,0
4880.285640700406,22,0.6835882293402393,0,0
7285.683438714968,18,2.222790233106407,1,0
2514.1955123039675,57,1.0154021006671616,0,0
3150.5534055958424,29,4.723000329652422,0,0
4149.477047631462,53,2.5853605228189345,1,0
3244.786518825701,62,3.0201435534998278,0,0
1674.004853400801,40,4.797188158353199,0,0
4102.844462209041,64,1.5123965877653411,0,0
2406.544429410843,48,7.398492637838896,0,0
4710.388645952772,28,2.2844635123661434,1,0
2620.863648649295,27,0.5157648347679551,1,1
6324.90160752631,20,3.571187353489164,0,0
2825.120061495644,31,4.728899537771865,0,0
3516.9077256914866,33,1.142734634387131,0,0
5220.275826054505,27,5.838494941540087,1,0
2153.703525349067,46,7.0979569380935,0,0
4341.189901906194,27,0.9726418787113932,0,0
5960.714131423642,29,12.317091366845215,0,0
1588.7751481581586,47,0.4549517711415165,0,0
4276.950787798456,58,0.6769989489440273,0,0
4389.824191372635,18,0.6108495008027152,1,0
5172.734307665965,22,6.732657342552398,0,0
2144.5739336828774,37,3.18648716560411,0,0
2019.3150803735855,25,0.49499287875091136,1,1
4782.912348425347,60,1.7411885846696158,1,0
4445.477009849779,29,2.8658590066438854,0,0
4375.739275518815,18,0.26146207600097204,0,0
4519.672314245464,37,6.421816321026819,0,0
2979.9629176322637,45,4.882859653360824,0,0
4348.380545741506,60,2.1108459842455085,0,0
4439.608709948022,54,10.245275769150263,0,0
2928.4728729604485,64,1.6226226810881843,0,0
6798.661766717135,54,12.426256129353522,1,0
4710.749381367681,29,3.307138114904067,0,0
2213.044754196027,54,3.020873128480563,0,0
4984.830412950745,61,0.5444033871199043,0,0
2537.977494659018,45,6.409375872264167,1,0
5180.626905613678,64,1.6731735940506758,1,0
5737.893368511106,32,0.5310472334480532,1,0
2768.976522472434,23,0.03806300736880687,1,1
5445.064193866483,61,2.461276325141627,1,0
4619.171390404747,37,2.2485153439755092,0,0
5233.090239991735,31,3.8119795342412823,0,0
6845.189473980921,19,6.628870817206284,0,0
3631.9178259956943,26,0.24821040054164847,1,0
2869.3957534637657,54,3.9446738812817776,1,0
2665.728355561715,37,0.6225929824658074,0,0
2776.2845725518428,43,5.859527557705675,0,0
3884.3474358788435,46,5.128827643833013,0,0
4511.727962224966,18,2.3347675028973014,1,0
4415.036198995029,52,3.7161358299361877,0,0
5240.774873554035,23,1.1321644518341893,0,0
4019.5028378168604,54,1.9112528603683847,0,0
6180.301115735975,22,5.171801717876888,0,0
3603.014750143066,50,1.8444789552722476,1,0
8080.2537498844285,31,1.3285583885596688,0,0
4938.501021647509,29,2.044915662254593,1,0
2714.2636653755762,59,5.285132985802272,0,0
2393.6612529083313,37,1.224843421393001,0,0
4723.708622864778,41,0.5726157568238868,0,0
3664.8058220112234,60,3.7345304452058508,1,0
5071.0007411381375,51,5.245724319854694,0,0
4709.856436860317,42,0.31820722829426523,0,0
3890.756631014691,46,0.8228136549244058,0,0
2729.8094228973923,56,0.45935560218250543,1,1
1727.729162971203,48,1.2828625846681685,0,0
3330.2275718994683,64,1.7954260437606364,1,0
5284.598191485208,60,4.144832083451468,0,0
4321.1406161953055,40,3.159318976606505,0,0
2131.3918319320182,61,2.910091846046793,0,0
4259.771388776773,55,1.303330114220913,0,0
4577.9760695932555,37,5.5250095351029245,0,0
2674.2138456983002,40,1.9119295321317784,0,0
4230.587658918292,62,11.604727249784673,0,0
4087.313077669,33,3.0165311310293177,1,0
2285.5445532540652,59,0.40493357154307574,0,0
4536.681040522425,25,3.382679833532266,1,0
4841.176789552352,38,1.1795900907588308,0,0
5624.576864762916,18,3.478214592074659,0,0
5580.703078052355,25,0.21655471520863295,0,0
1933.4959480643633,46,0.5766845713773645,0,0
2593.262440127316,49,5.808357153054391,0,0
4772.55290081299,55,0.7731256299203546,0,0
4770.678926368313,22,5.442772236338495,0,0
4772.571529459072,64,0.9824974181362419,0,0
9779.09723598208,39,3.0890663032507044,1,0
4856.3357660397505,64,3.553987105288916,1,0
5703.348460270899,51,2.1563474438656485,0,0
5431.002645239803,18,1.0928716505669462,0,0
4977.086876958697,43,0.7172257804940574,0,0
3527.0961330394816,60,0.10125785763168216,0,0
5138.453830739902,27,1.086985835703628,0,0
2840.7621781936423,47,3.17669923827666,0,0
3644.7720898899865,35,8.35664833772812,0,0
3271.954678256345,34,6.148587798289197,0,0
4122.811209079484,43,4.358133074242134,0,0
7471.987850010263,25,4.659844030241104,1,0
1199.102211112378,64,3.2807390517650195,1,0
5029.390285561771,57,0.9044784398918105,0,0
1580.9261932155227,29,7.131765276585272,1,0
3292.10220131585,44,3.3326526522602062,1,0
5633.42589545105,25,2.465947463659141,0,0
4096.420028643194,42,0.35293859365279395,0,0
2383.382833106041,63,1.7774931701518115,0,0
2927.0444361100476,21,1.8505494744089868,1,0
5019.396623402014,50,5.997759575570893,1,0
2904.450052424295,18,2.373260696957293,0,0
4324.687884372962,36,1.4360461693427355,0,0
4068.357759855721,48,11.290851481057016,0,0
3022.5994785912744,33,0.3520313988802755,0,0
7215.916133987988,31,1.6473920959540052,0,0
4950.878533477016,22,0.12879977492064423,1,0
962.2861200135894,58,4.040114848989438,0,0
4279.681472154141,43,7.505910093491633,1,0
3007.320302847418,45,0.9856677447420581,1,0
5278.650002194336,19,5.863011886538489,1,0
2811.2188923509493,23,1.036858403754898,0,0
3827.8953377996513,26,7.249619353841913,0,0
4757.4809184706855,50,4.206806674836509,0,0
5298.632791255182,58,4.9028333015293155,0,0
2199.555389416336,42,0.05451193924249338,0,0
3498.2481462385776,30,9.875174917309192,0,0
3287.582033258566,26,3.891237156494049,0,0
3020.0061511394324,30,1.090456084193169,0,0
6648.181360421646,48,5.305207114814723,0,0
4607.472566441434,58,0.9918572328219574,0,0
2108.674068497432,28,6.1848953922432495,1,0
5376.792920582164,21,0.35831202744328267,1,0
7183.23429551895,51,3.6490065001325602,0,0
5548.69789082672,55,2.334145112901766,0,0
1720.9450510689799,63,0.3045519645795286,0,0
3273.648890700623,21,0.830795504664904,0,0
5900.366723779935,55,0.03744482542508406,0,0
2938.495801571829,36,1.897669129980846,1,0
4665.729142219343,23,1.0754522845115835,0,0
5161.951080144005,51,2.736578551246716,0,0
2609.6042926328755,35,1.05821015983571,0,0
3910.7119659073,30,1.0696781868740222,0,0
800.0,58,4.078293668481079,0,0
2463.418537998565,40,0.14802087971986608,0,0
3621.1477729102594,36,6.995887086573536,0,0
2128.3252270527255,62,5.736982594842228,0,0
6448.6169558974525,28,3.306096538540236,0,0
1854.7879330590508,18,2.6984599202290207,0,0
3339.9332699545243,41,6.685286671329168,0,0
4196.110865929137,24,0.6149171282519663,1,0
6161.909933599173,42,0.24678528097230723,0,0
1846.206773230841,38,0.8213776201029568,0,0
5744.745628232439,32,4.748070707588202,0,0
4015.3495915293806,18,0.10585663048597951,0,0
2527.7370234280734,29,2.6226178176587016,0,0
4693.1552113949065,24,16.16966432658025,0,0
4298.589543360205,32,5.807501231507307,1,0
3099.674684261808,38,2.210956716026453,0,0
4104.703127485029,36,0.19726869645759454,0,0
3422.02960470736,46,5.340207462980218,0,0
4170.276017876872,42,2.7412207726311166,1,0
4993.19601178157,50,0.3662757819084519,0,0
6379.025224218029,49,0.29567538922338454,0,0
2143.2767517597267,52,7.211423192353017,0,0
7199.550061984401,61,3.3187263320641534,0,0
1071.8683007162472,55,5.303310958567215,0,0
3772.322357446625,43,6.335371112264824,0,0
4882.475809726865,28,2.5443010111947606,0,0
4421.487801602549,52,2.185989528934736,0,0
3065.9507202691093,25,1.688607126283723,0,0
3687.816624464087,63,1.1435466603401494,0,0
3260.498598011751,31,1.7106440696494016,1,0
3115.9528645836826,27,4.460063774000178,0,0
5274.403145531537,19,2.763332723451331,0,0
4535.523228947571,63,6.691443316888009,0,0
2960.6356071090186,26,1.757617571765832,0,0
5349.399813149876,20,2.8025208862958664,1,0
4460.949281314914,38,2.993377379072779,0,0
5219.29317825844,43,2.6872383919785388,0,0
4944.443262885418,25,3.6383724376589335,0,0
2756.5074836168915,19,0.8131965591498382,0,0
3159.7284397045455,23,2.154556790707242,0,0
5120.940407684893,45,0.33019738043499247,0,0
4915.555398150197,46,1.456016212497179,0,0
3968.6476090537776,43,2.0063418260062598,1,0
4175.991074963173,42,3.168592292757865,0,0
5916.497343682638,29,9.019230393695828,1,0
3112.642916746255,22,2.7537591729993007,1,0
4820.646071755057,51,4.0829784790697765,1,0
3696.7110213491587,54,2.117275466567032,0,0
3673.4781951591694,32,3.0162186741522046,0,0
5648.165277980785,61,0.2207207354883901,1,0
5238.124523482045,53,0.8806641716554173,0,0
5220.264454000958,32,1.3475602821284713,0,0
5958.218210731494,60,1.9187814497016262,1,0
4031.5057624491387,40,0.1401704520070236,1,0
5022.9294569424455,23,0.4525527316139916,0,0
3534.599865109816,63,0.9722677623100235,0,0
4486.249528732663,61,10.676996697694772,0,0
3804.785418448473,60,1.2074701459323358,1,0
4145.493947489077,62,1.973577907886253,1,0
4892.735538155371,38,0.6548326513369289,0,0
2772.6689751497915,40,2.830832175419748,0,0
7138.580913528191,60,0.9883602837342362,1,0
2490.973927750447,33,0.6957680956477506,0,0
2178.717080818402,64,2.180562567973262,0,0
5737.166310250102,32,0.01656303581192932,1,0
5187.494040944404,42,0.023080656811200903,0,0
4936.179725578233,53,0.7418047106022918,0,0
4942.51826389642,28,0.11223769751458748,0,0
3981.629840729628,32,0.34295405748829866,0,0
2654.1184427712524,21,1.2413719302150925,1,0
4113.70683729059,38,4.867351828276938,0,0
2984.2574327318325,30,2.546237227773938,1,0
5462.679600126627,39,2.156427302964188,0,0
3779.413927746792,36,1.0422487711099422,0,0
2761.7542048112327,51,8.053897030758648,0,0
3517.9212375205097,31,1.5175890797240048,0,0
4619.397181413437,21,0.27336303034972675,0,0
3154.413170794038,63,2.879681928629862,0,0
2766.669406650353,44,0.3625678346119887,0,0
4365.530817237868,46,1.2703823322697967,0,0
4367.449856663085,64,2.1242460891592385,1,0
3239.5852369433055,45,6.21972300689675,0,0
3293.442541572516,52,2.040968773967859,1,0
4348.074906036454,25,3.6345915362775303,0,0
1827.8734877540137,33,14.808047225934331,0,0
1888.8043384351672,59,0.42292549774794463,0,0
2922.333668121346,53,0.963640149140705,0,0
3679.829272432229,47,1.5054790945094247,0,0
4466.361348397007,35,1.643652556564392,1,0
6213.034325424328,19,1.5880946322188483,1,0
5286.489434803029,30,7.145242148135743,0,0
3760.0922050548593,21,3.7556328485082764,0,0
3971.4756881459666,43,2.808755002895258,1,0
2496.2059530432866,42,1.1104649694881967,0,0
3972.2302960114152,47,5.208242981633134,1,0
3567.0120416197924,28,9.307315181394468,1,0
4484.077840507134,24,5.164433432595199,1,0
2759.1535846715155,48,0.004698993744125244,0,0
4779.019771361758,61,3.0351140552013636,0,0
6299.108369503867,27,0.15746744248513367,0,0
3836.8597773147135,56,0.893630469667427,0,0
4602.567583148412,30,0.18410968074589892,1,0
5035.215987566668,48,2.7774740043863764,0,0
3398.1692921712456,24,3.4807282963342816,0,0
4336.138722715625,59,0.364766584370439,1,0
4018.8886011726922,59,1.4527403884480814,1,0
4146.514147823247,53,1.8277226573123677,1,0
2840.4853242168,37,1.3816003443562181,1,0
4036.7652613884143,21,0.3869964709923519,0,0
4746.997436868174,24,1.6287439925516423,0,0
6176.715411692563,18,4.173053069184222,1,0
5438.90623912781,61,0.22096437152170834,0,0
7229.773686267335,62,0.25073188669427937,0,0
2848.9786556679255,59,1.314451316209291,0,0
5308.480955081017,64,8.527782916583522,0,0
4275.013008607528,30,3.3130399165227526,1,0
7284.704399826509,39,3.4058595350990486,0,0
2787.552571967273,38,1.3478747918694167,0,0
2740.4172367288356,39,2.7017009357203383,0,0
3100.9110318339667,45,0.030548561257629257,0,0
814.1564135352896,26,3.0325959297781275,0,0
3211.3674674788585,43,7.335452578619438,0,0
2861.301007669453,26,2.84468713167853,1,0
4225.590679714312,32,6.20725233971263,0,0
4512.633963665739,27,3.8617703787214825,0,0
6814.256258823829,41,0.38540441107799117,0,0
5425.635757279075,59,6.982272347945322,0,0
3134.644516506395,25,0.2062624853704113,0,0
2652.377992977463,41,2.290499537678541,1,0
4737.8787572597585,33,0.45993303062254687,0,0
2019.6501894690368,43,0.03532701784344608,1,1
6747.188148781531,44,1.6447220569312129,0,0
5769.16018108193,54,1.048845657571133,0,0
3296.2365218429427,21,1.9965989226694774,0,0
1430.2982063636837,41,2.582567271277222,1,0
6030.808561248119,36,0.13417339876773768,0,0
3828.190232121073,53,0.39375613165404444,0,0
5856.724467960193,56,2.45369951918474,0,0
1608.3585118084493,27,1.2609780485731736,0,0
3100.937465569341,42,3.918830515684375,0,0
4007.8655495772746,35,3.1691736637551307,0,0
4070.4708906471133,36,5.604710698492104,0,0
3324.9017927811346,53,3.5377705923080924,0,0
4934.274898521248,27,1.6859940258120185,0,0
2398.5693559261085,50,3.353079123316845,1,0
3786.43077246806,22,0.9663285599403878,1,0
4180.443447567848,64,1.0972054436429834,1,0
4771.6582510881235,52,4.667480447550952,0,0
5067.422317133334,61,1.7740443867470257,0,0
2313.036862243196,51,4.80411669080804,0,0
1698.8287438965667,50,5.185042302665618,0,0
5916.515232847763,38,5.846552496773836,0,0
4498.4710179693875,34,7.453588652979532,0,0
2877.2701951651698,39,1.6915466120994278,0,0
6326.727963283784,54,1.1519922724294416,0,0
4173.511951439288,32,2.61824828955025,1,0
5768.945776095739,52,1.39169454891777,0,0
4101.277722115164,45,2.75693928322579,0,0
7091.121887322981,24,3.668303617108383,0,0
6633.011263664806,49,3.4981532120222614,0,0
3626.5537772813896,28,1.4078655127223396,0,0
5457.356426431534,27,0.5476614774144491,1,0
4968.063924377721,26,1.6891440407935832,1,0
6052.947336298523,31,0.46153168495830155,0,0
2552.6148091298433,30,6.624472321611201,1,0
5029.077189997659,42,1.2733817285218203,1,0
5587.636730274382,19,0.5033385105755998,1,0
1361.8907703653285,52,0.07733146319002998,1,1
2225.1122310013375,24,3.1138702740618216,0,0
941.151733359849,38,3.03925014899046,0,0
3595.8897483331634,35,1.2492938013322248,0,0
5076.313383693943,20,0.2232393893288236,0,0
6253.535578144042,59,1.5810118443352388,1,0
4111.142170629662,56,1.11848917658485,0,0
6442.923318356938,58,3.3914295694761045,1,0
1929.8478126776631,28,2.7925327380175067,1,0
1444.926340967268,56,1.3604720596766753,1,0
3916.678451655072,41,0.7372894476727448,1,0
4576.098173408961,63,13.27755092809359,0,0
3950.9578778588602,36,1.8154178173958813,0,0
898.836849940185,21,3.496894315557974,0,0
3866.3199407308175,43,0.4543982462840476,0,0
2043.2957492427201,55,1.9942022468067617,0,0
5004.508823245058,59,0.08376888726877593,0,0
4549.897369145272,49,2.112352108412106,1,0
2590.1803205089673,56,9.974159965536446,0,0
3229.1996239949594,62,1.454531834384226,0,0
2411.1797171665726,63,0.1193301623243494,0,0
3905.9813540902423,53,0.0943351341775096,0,0
5432.713480751858,57,1.4730040878902444,0,0
2521.410930496684,54,0.5231492215533926,1,1
4756.069773276767,50,0.07088723124360169,0,0
3204.613572441339,53,4.234388712428732,1,0
2810.690751606484,20,1.8403641133614461,0,0
3839.4544600681634,26,1.0242815184880067,1,0
2447.136516370939,25,6.91025180796463,0,0
3169.526041979227,50,0.37036627049359594,0,0
2203.183161116727,23,9.365167644422923,0,0
6947.087699374584,58,1.1304874064715789,1,0
4052.895327957593,56,6.578601406704324,0,0
2950.4117380111215,21,2.771025362054317,0,0
4320.969866101333,30,5.258320654129152,1,0
3831.5079254637553,19,12.407968788000847,1,0
3668.545600700166,22,1.020740894695835,0,0
4921.250050065138,61,9.743020997878965,1,0
5136.261565070958,44,1.4803419890748657,0,0
3204.248278584209,49,1.4608971696298805,0,0
3136.27263903298,38,1.2483064128914387,0,0
3587.422454272534,25,2.338780490681641,1,0
800.0,55,0.5022221397356598,1,1
1727.2134067021716,25,2.420368926874702,0,0
6050.311401166788,20,2.340725364268538,0,0
6467.451570251926,61,4.305216414919487,0,0
3626.4459406654323,20,5.38098314312536,1,0
4864.835444583649,39,1.7418207946351965,1,0
4466.875231815304,23,1.0800411744868401,0,0
8618.321212682857,19,0.9006201271264119,1,0
5679.362367151865,40,0.6493374813303656,1,0
3808.12361277885,61,0.1781278734251424,0,0
2566.6893390993614,19,1.2576941952509693,0,0
1590.3305196136412,55,0.9451503201155069,0,0
4305.195453800835,34,10.181240347288982,0,0
2865.4738820735447,52,2.4473605489623464,0,0
1866.619435603489,51,1.2798074865513025,0,0
3030.14067363621,40,2.6058435708677177,1,0
2377.6779945784074,47,0.4496677725064343,0,0
6530.712452608847,25,1.7611970203287088,0,0
5322.459635424176,39,2.952378617346034,0,0
3988.041038025074,61,2.013557312938425,0,0
6219.916208335038,53,1.5413840845672562,0,0
4116.052461471428,22,15.27312379182738,0,0
2708.0736980076044,30,6.368670000740391,0,0
6284.686115904486,46,2.9297624514204235,0,0
4808.3650655269885,48,2.5275693611434105,0,0
2444.1307685103156,64,2.9079709299598626,0,0
3714.491982874588,33,0.6743550977573551,1,0
2686.5726199228643,59,1.5082635650705907,0,0
1925.800403553496,47,0.12077749909728064,0,0
5389.266321297462,33,1.9361928871307388,1,0
6864.124960705196,29,2.349377051258924,0,0
1902.1486392712882,34,0.7753398163768371,0,0
4844.453855035857,33,9.97511391569933,1,0
3024.0361463172594,29,7.2057120521959295,0,0
3269.311924352956,25,3.841948600571385,0,0
3111.4091136416964,37,2.2867627891977973,1,0
2704.013845480276,20,6.1199508695478615,1,0
4072.7824419172407,33,0.4200365072286928,1,0
2753.5748253834436,47,4.689234874284704,0,0
4405.685238669758,62,0.39997988865607154,0,0
3924.6428358262947,40,4.742706801522505,0,0
3641.5779297003855,45,0.9679286993740279,0,0
2638.6545069376034,57,6.2889228778513475,0,0
3134.843004147501,22,8.649466639050491,0,0
5133.0868387386345,37,0.4833102756438287,1,0
4751.375781436571,57,1.8634598383773497,0,0
2533.6671328021735,61,11.887956639428914,0,0
4148.998458143838,18,1.9815023774621434,0,0
5127.080685057684,47,5.975336625795638,0,0
1495.8920783179424,38,2.66552714077275,0,0
4815.040288569902,37,1.4115948638410925,0,0
3006.06436158123,23,1.0097076571802277,0,0
4855.898002889739,39,0.6815416587251591,0,0
2855.111265186225,35,4.303911087650866,1,0
1292.6768490032214,25,1.4659231284071277,1,0
1558.6863431752558,56,2.1478687968421863,0,0
4072.127419992073,49,2.033744236226727,0,0
4389.583752582223,50,2.5831288835206503,1,0
2643.525062343387,33,6.0202944537394405,1,0
4957.888688166061,29,11.849072374007047,0,0
1507.7199065965601,55,1.5706396207460007,1,0
3900.880302029025,51,5.272403225692059,0,0
2183.475700356315,31,4.338487189507759,1,0
3022.245838296761,53,2.5566323875339885,1,0
4071.098006974621,50,9.373912995593805,0,0
2709.3799520740713,40,0.6712106151133505,1,1
3423.166683655262,62,0.3471222834592935,0,0
5509.439213821661,19,5.771664572678358,1,0
3134.662195715277,58,1.7349043858424293,0,0
5253.5381680977125,38,5.631341433097779,1,0
2305.439718013573,19,6.707309517861351,0,0
4794.706266872924,44,0.1934798660627502,0,0
6162.35293098685,26,6.448684764210968,0,0
800.0,18,1.784356196005274,1,0
2804.657116794285,28,2.142698724738317,1,0
4865.60819077081,20,2.9552549762559064,1,0
3695.431920935511,40,7.826621878694327,1,0
4556.718810056963,43,0.057903508096757525,0,0
3094.022219926269,21,1.9436236918134697,0,0
4129.88468120935,35,3.4915847944009752,0,0
3766.484146911881,23,3.848041252635314,0,0
5751.673092489711,52,3.5381569971333238,0,0
4381.6312649518195,39,0.433118866785928,0,0
4506.403993112804,60,1.0674356139293222,0,0
3382.1845508162987,32,1.332846367228004,0,0
3268.5906638912597,39,4.895621288359564,0,0
3351.162718270569,54,0.980349447529896,0,0
4591.678213567446,59,0.7098452737087456,1,0
3368.5232787696054,29,9.471086606850026,1,0
4434.66228534462,64,0.026708393016855708,1,0
7113.101197968159,59,18.38646898171226,0,0
5306.687055147539,55,3.38864956331026,0,0
3510.9647017482384,35,5.28897904931511,1,0
5801.820883245917,62,1.047053275514762,0,0
3387.886940467673,52,0.04325618921403457,0,0
942.8131972332194,47,4.016738635304101,0,0
2487.8705336238936,41,5.389916809480202,0,0
1193.8121184612164,59,4.046719810644282,0,0
3472.729773938037,47,0.46242804513066504,0,0
4027.6275687843277,31,4.200302770812762,0,0
6514.655968412924,23,4.395010043184049,0,0
4490.391060646244,20,3.2235787419956434,0,0
3671.3492067867037,33,4.35878917707724,1,0
5244.1083717752335,24,5.610878024036415,0,0
800.0,31,2.8526784729387913,0,0
4353.4218371628485,26,0.27833571718474726,1,0
5156.29779083045,32,2.0061119513628665,0,0
1782.1206313302378,38,0.242489389722976,0,0
5715.631064810394,52,1.5704311044760058,0,0
4507.744611241621,19,1.5682214191518933,0,0
3377.068129148798,44,0.20486814172065226,0,0
4949.172799159427,19,1.286909991898142,1,0
7406.039286706594,52,0.3529677146342175,0,0
4272.799382587743,35,4.954457130226441,0,0
4372.330879450504,31,8.851589955185997,0,0
3310.958650689634,37,0.22519390119736732,0,0
2725.233445802812,35,9.310968702206058,0,0
5245.503724816368,27,2.2180546481662833,0,0
2715.8742611366993,42,1.068164028835806,0,0
4107.349355829088,19,0.23992987421871625,0,0
3283.513829852325,42,2.0831894903141808,0,0
4718.469738619588,50,4.747154670592853,0,0
4500.493157930422,53,3.6836335733509493,1,0
5556.309916386848,48,0.15459368848813937,0,0
3234.9754017178793,31,0.22708747217475744,0,0
3595.187597059943,18,1.546877793648263,0,0
2531.854426326539,63,1.049908828140147,1,0
3333.5601098858324,33,0.7933982751976786,0,0
4565.950739567278,63,0.9897005353665349,0,0
5135.482924968028,20,4.881015093470148,1,0
2616.752013733562,52,7.944877783630284,1,0
5304.40888015849,58,1.5580994525326008,0,0
6033.456788207426,23,7.096926204728671,0,0
4620.152354835551,42,1.1635933921717487,1,0
6815.193718837099,30,1.9412936579685727,1,0
2839.3162013446404,51,0.7686626129183658,1,1
2133.017945032874,25,3.068923385914634,0,0
1331.919626643582,38,11.587001903928966,0,0
6244.066467233774,51,2.7751854774302878,0,0
4981.548484531087,21,1.3286322858200525,1,0
3916.6229936343175,42,3.1308168554264517,0,0
4419.95293947973,32,0.393473532756932,0,0
2311.7664290524353,21,6.585475306998919,1,0
7668.627969425239,62,2.098002546609704,0,0
4193.831772962842,29,1.7899662357183055,1,0
4164.092191907339,49,2.644688281619881,0,0
5088.649935848038,49,2.9407591594554807,0,0
4721.51384760507,45,0.22344596176699494,0,0
4335.826036418697,30,3.44294018857314,1,0
2814.2883168320323,48,0.8309452976745314,0,0
4707.202535703994,31,3.754793583808601,0,0
6823.03674471255,37,5.186942141945157,1,0
6018.130069232467,35,4.888286837986438,0,0
6389.779939959095,46,2.4122427092247074,0,0
3233.1764853532222,23,2.2029695401398905,0,0
2515.592769612129,49,0.4625179048927527,0,0
3811.319619850528,46,4.479583522912285,0,0
4083.587368433042,60,0.9499298073258196,0,0
5641.287277706423,19,2.059679312699168,0,0
1461.3030554277711,40,1.0033739899912262,0,0
6294.32547919092,36,0.43101658472188853,0,0
3762.988152131516,48,2.9791727204277674,0,0
3359.67839507887,22,0.1675912791777491,0,0
2481.8434371097487,36,4.142669783754242,0,0
1517.714992201346,51,1.1463597976616895,0,0
5234.755875942872,27,0.00040410622920802116,0,0
4109.976950782606,42,2.1469707384133354,0,0
2065.058650388419,19,0.14395497708375654,1,1
2057.3818419045756,28,0.9695943297293391,0,0
3496.3229510648075,48,3.6825072767799694,1,0
6503.532287934089,32,0.19422241397648035,1,0
3610.612972954593,26,5.485366692644359,0,0
1745.2855703228406,40,0.01148171158918817,0,0
3631.3854038710833,36,0.8503685192744865,0,0
3590.9146453784942,26,4.051670538933313,1,0
800.0,52,1.1405771853592492,0,0
3918.5577002232817,38,0.3223961482313805,0,0
3653.598204686983,26,1.339958002694424,0,0
5044.309547220128,45,0.9457489154662682,1,0
6773.434142418018,63,5.549028411411087,1,0
5689.847544321636,24,1.1277826358815193,0,0
3596.666964167754,33,4.6667314731940515,0,0
2340.211136887495,33,6.673322723112085,0,0
7860.039704874791,50,1.706516017629889,0,0
4088.8276510217324,21,7.22194221948359,1,0
4020.8939378694195,21,1.421158231678548,0,0
3963.8123693349953,56,9.979250856506148,0,0
4297.127141151783,57,0.2805907254370845,0,0
3783.459382114086,34,3.4848409339799646,1,0
3139.506989679646,54,2.0425535046934598,1,0
3179.711588139412,56,1.4713479412875392,0,0
3950.8700946760023,46,3.0048260022159834,1,0
3184.862843299353,53,3.650739427905373,0,0
2930.7313259842535,55,0.013118449475239238,0,0
4159.6453415378455,56,0.547995967113627,0,0
3617.534173868717,54,3.745300593805999,0,0
6255.989482874033,52,3.293306655502417,0,0
800.0,24,10.148378823121623,1,0
5637.260277883693,44,4.294349573270221,0,0
5869.127788746444,45,9.033921265130637,0,0
889.9146513877758,39,3.637431608631262,0,0
3485.968608879477,31,1.0616887470097944,0,0
3442.838701006313,24,0.33401813463610774,1,0
1888.7324579232682,54,4.567357728343442,0,0
2833.2749686136867,39,3.099731392356075,0,0
2334.136231801257,22,0.14815696335462597,1,1
6628.405665135434,19,1.3390978761232712,0,0
5403.517589721192,44,9.425731537632343,0,0
5907.332642491238,38,2.081849381965051,0,0
5082.508096064853,55,1.7007551252176472,0,0
2306.422343174156,32,1.8358055911499966,1,0
3213.2196005803394,38,0.7029271777577873,1,0
4734.061841841877,27,1.3799563576775105,0,0
2166.8082866620816,40,1.385217253356112,1,0
5069.4976452585815,56,0.16132602220829345,0,0
3639.5119027627975,22,4.3774679148391495,0,0
3437.768788675604,18,1.6161552679913094,0,0
5066.439952305237,30,5.180948519348694,0,0
4666.39496722906,38,5.698328063216572,0,0
3458.5507512713802,43,0.7147489330621875,0,0
5738.9947050463725,62,3.2131677704139285,1,0
2378.4050086001544,38,1.9175785732822295,0,0
4923.903410416396,35,6.36471161790708,0,0
4889.651886952575,54,0.7290466408988917,0,0
3535.6803410290145,62,3.3978713351503345,0,0
4489.199533363177,49,2.8075838935292703,0,0
2123.3296354220456,53,1.049955586170477,0,0
5386.040528810352,34,0.4406347274420626,1,0
3722.6467953355163,52,3.163554490756285,0,0
3215.9154692214406,28,4.025081261356413,0,0
5573.513838755334,38,1.1377580719805303,0,0
2943.484464185861,43,3.1054981880414942,0,0
1887.3080554546605,21,1.5082296617441022,0,0
1665.0562397141443,51,3.746982512498252,1,0
4909.014927018459,35,0.666489377118213,0,0
2079.3559712555752,57,6.627694185818974,0,0
6632.191272976546,52,1.0165454782038563,0,0
877.105888174417,58,1.375581945565017,0,0
6544.684552435057,46,0.17954286853111825,0,0
4316.526200803928,46,0.35470312907013407,1,0
3854.930332194411,55,2.176155263965218,0,0
3182.6213697865755,59,0.9342554016771738,1,0
4598.704171528107,38,5.414173523241018,0,0
3943.5479463627275,59,0.04440721708332512,1,0
5654.952823024782,30,1.4297269669641215,0,0
4171.341472993059,58,1.234504834024929,0,0
4225.452642192817,34,0.05855055500963134,0,0
3454.581681679216,26,0.39842946991376615,1,0
3914.581564418399,58,1.6014777164272365,0,0
4461.702653338089,18,2.036931657701976,0,0
1434.7474110150615,19,1.5540026497191657,0,0
1977.7218668414305,46,2.2710589125399676,1,0
5114.896141034073,50,2.7125801638905505,0,0
4256.298157191913,27,0.029920171374458154,1,0
3724.024995470981,57,1.8713960098998568,0,0
4027.65089959809,38,9.931266663028914,0,0
4521.372558042506,45,2.195865364754477,0,0
3190.360479535958,28,3.3953496396716893,1,0
2832.542911896531,51,1.121305739069641,0,0
4293.767882646523,25,4.461546392012993,1,0
2532.440833577452,39,4.44737827946904,0,0
4612.379133571708,25,2.2100187786082697,0,0
1446.1245936432392,32,11.190832753607534,0,0
5543.733455988466,34,0.4024812218531247,0,0
4708.896223619565,40,0.0512787601754016,1,0
4384.044601470813,41,4.411092251879348,1,0
5474.03647591827,62,4.937613924197839,1,0
6498.2116666938655,36,0.384206660635412,1,0
5521.555097527195,22,0.9260341930441045,0,0
1238.6886530025322,49,0.053124698119395006,0,0
2080.6345498964474,61,1.0414836475549698,1,0
3062.7721334564817,18,4.450291356384336,0,0
4039.136575316251,40,2.18918782671621,1,0
4776.488530703685,54,1.2835720292800248,1,0
2911.384280269802,25,1.3944001894780962,0,0
4280.150146715618,30,0.004063628083043444,1,0
2866.925601470016,25,1.0691700717336212,0,0
3082.7232955120776,40,3.119265259681552,0,0
1890.0083547276668,60,10.97149636285554,0,0
2615.1501308336437,18,5.633144995874074,0,0
1972.4730915754994,62,0.0716333502465495,0,0
2536.190120534001,41,6.864881247666776,0,0
5580.462694911759,52,4.5863180721304575,1,0
2575.9016667520855,41,4.5475165450469985,1,0
7948.573097256087,34,1.8374443585693379,0,0
4739.976851321334,22,1.522519877985587,0,0
4277.254185542311,37,1.0825469099469391,1,0
2712.46332972818,38,0.2038565719028126,0,0
5050.4648191134875,57,0.7772269512990825,0,0
3136.543260643339,48,0.8494914255027999,0,0
4183.014721968042,63,1.9853936536781007,0,0
7840.126807403192,53,4.128371647820147,0,0
3855.9101504130253,28,1.9262777658469648,1,0
5723.909989428514,32,0.17875467018745225,0,0
2945.235362311169,36,9.49528021319027,0,0
3947.5172642545576,24,8.57963748705613,0,0
6656.200953453264,45,4.613997707183753,0,0
3059.549413318349,60,14.24293345007983,0,0
6718.672836995393,22,2.358962329938869,1,0
5061.627903183213,22,9.8717882393487,1,0
3156.2998361585987,47,0.23584756034750948,0,0
4948.611608583282,49,1.3656086989388305,1,0
5458.8316744400945,25,0.7661529881957732,1,0
4932.714943325795,27,0.6538452736569246,1,0
1644.6629201643154,55,0.455270962113255,0,0
2909.2942362626973,64,2.921867917175943,0,0
3628.722046672743,49,4.560462873369479,0,0
3888.3498563499306,45,2.59037196808748,0,0
4931.008146326017,34,0.4768560470034755,0,0
4266.551501399881,48,4.999990037443963,0,0
1996.983461934848,25,3.031430964652191,1,0
4570.296776508945,57,1.4738813843333425,1,0
4915.878617925735,42,3.363772971201204,1,0
4839.68567189656,26,0.9029300837961514,0,0
5621.171088331933,19,1.2702406034818885,0,0
5250.883231823356,32,7.484356205888114,0,0
4688.770118842655,20,1.029603398671392,0,0
3894.7514328120296,53,1.9045684113896826,0,0
1508.5585997260127,21,6.625676412785252,0,0
4644.427328698879,31,3.6901429555311966,0,0
4311.531530744667,58,0.19266603742221824,1,0
4407.368255793061,58,0.4780531902139673,0,0
2084.877136269536,42,0.023617493171920842,1,1
2378.4151893876065,27,2.9902401204044744,0,0
5579.729279999356,38,1.7808473610307014,0,0
3940.6672692150173,53,0.4325634017703105,0,0
5022.2510460589365,29,9.505555029945667,0,0
4042.4775641956917,44,2.262896563885388,0,0
4044.634209243618,57,0.8307933909276142,0,0
5407.425708963997,19,2.083065156157547,0,0
3225.932907673939,30,3.414745578819769,0,0
4144.181165411475,49,0.23790640431015242,0,0
3306.587066942436,48,0.9635255297552786,1,0
3348.2556588515267,33,4.934658907052556,0,0
3536.241814797041,49,1.8466971646720416,1,0
4333.200657450569,49,2.3727903828174104,0,0
3281.877067504784,51,1.7012145504069338,1,0
5883.634188360281,28,0.13467812670047108,1,0
2658.089046670744,27,0.5436656922755809,0,0
3719.6925337579614,32,1.7692907022668283,0,0
3340.4034125887374,34,0.704075424747072,1,0
6170.466826530599,57,0.15381365860838053,0,0
4294.832164767362,35,5.5669681391622925,0,0
5547.766809202953,26,11.920503309585719,0,0
1771.6594404445423,42,4.727180809703228,1,0
4400.575398803889,57,5.768029806808435,1,0
5334.446193435156,31,0.831125168127634,0,0
4123.425983913136,42,9.704023064576365,0,0
5598.220562598027,39,0.6579241405241347,0,0
3224.067324849442,47,9.074235954606156,0,0
6114.021160278369,37,15.788441795967884,1,0
7448.3471854288755,38,3.731498345054046,0,0
3455.7421593405115,61,11.912729668279338,0,0
3331.7462178988426,49,2.5287010876782188,0,0
6180.076715676551,63,0.9014582174769585,1,0
6369.358218596069,38,1.7234050289784286,0,0
3215.7099592700974,52,2.7009637912848534,0,0
3369.719774356214,49,0.22766910664153162,0,0
3577.3230867092393,47,2.921308810184853,0,0
1983.3242334485844,56,11.918160623626164,0,0
2622.0220802737026,29,0.6325618233460011,0,0
2493.7888498718985,58,4.719247308468735,0,0
2848.3036523438072,64,7.154601716853772,1,0
3947.9726689198283,35,8.631267107677488,1,0
4351.3220988047815,38,9.666815083344595,1,0
6325.7507392211155,30,2.211044166170863,0,0
2502.4689388918137,38,11.357216354578068,1,0
5476.483597714876,25,4.247913671172521,0,0
3679.0167336617365,63,0.5290355234425688,0,0
3925.8044355213506,57,1.943948496414961,0,0
5012.229238249905,63,3.8010698367637556,0,0
2315.916967656552,24,0.8524262999393877,0,0
4573.614619276076,40,3.070084657384059,0,0
4249.678312319584,61,3.2952412365568886,0,0
4738.676896012224,49,0.5327176313955287,0,0
4433.752965861727,28,2.4978161631259734,0,0
7682.9502098663415,39,4.430323896124188,0,0
3043.390023623026,39,2.072822835479808,0,0
3203.5045674972735,60,0.036530867663101,1,0
3065.2892103628537,42,0.027238691552712857,1,0
3166.784321259618,39,1.3249685754603202,0,0
3043.919309040223,45,7.818948531157205,0,0
5783.524796661328,46,0.7789433128917509,0,0
6130.756371984782,30,3.01834837516566,1,0
3143.8805593757857,35,0.7533788391915291,0,0
2751.4666403436568,19,1.1643641056396672,0,0
4707.123334579606,46,5.652455105262376,0,0
3171.6654335785433,38,3.9153759168791913,0,0
4949.397726633266,32,0.30078486911000696,0,0
4304.38453127695,44,1.6795330523405356,1,0
1726.3838275041521,48,0.08881097940675642,0,0
6321.257801995092,32,1.9669192639074171,0,0
6693.816509643282,40,3.2579828006866367,1,0
3080.8169642734206,41,0.37839976031087524,1,0
3418.447660096024,61,1.0227630969811035,0,0
4428.798086087358,30,1.5216794528485509,0,0
4501.685184980537,39,7.55965070489133,0,0
4987.816409009246,60,14.996868227707052,1,0
7015.306808149524,54,0.13785318654504822,0,0
3734.579158758926,50,4.293974640901723,1,0
2802.5541331923196,20,1.394327472916467,0,0
1931.021157978209,36,1.4950028306525192,0,0
2903.6049400871216,40,4.2105043529860255,0,0
3950.3095406893044,46,7.518749978511517,0,0
6691.836795276682,47,9.043436359761618,0,0
3223.583051445743,56,2.5820188303363913,0,0
4335.681927458348,61,1.3253970019482422,0,0
3975.365655890872,64,4.647132928731296,1,0
5782.589910172126,42,0.8670544268363185,0,0
7790.398638810433,54,2.4908485228553205,1,0
3203.696840619519,64,1.3322052356299607,0,0
3265.840836222667,25,3.2068494689633815,0,0
5566.241315603608,59,0.824885606665529,0,0
5022.8372344394675,33,0.6380687018533278,0,0
6770.06098860405,25,7.51186794536906,1,0
4875.892277988946,18,0.32209985611137537,0,0
3461.061863819411,61,2.115403675229453,0,0
4885.982246038464,22,0.7486658066715753,0,0
5663.055370874362,20,0.11912398114159994,0,0
5230.723271796046,18,0.11005051683398129,0,0
4760.911046660946,21,0.5779222303749806,1,0
5600.012034383731,57,6.0470429456121675,1,0
5753.943385668509,52,0.9958581200041483,0,0
6073.238486556291,49,9.014874337607278,0,0
4973.064831384464,59,2.6141119475215913,0,0
3749.3228795247187,51,1.7213718294452631,0,0
4220.070529649985,60,2.6031363035823096,0,0
5809.763449762535,42,2.18134307698526,0,0
2774.596493519146,27,4.266091105648044,0,0
4553.009963309351,38,0.9959305451961793,0,0
3409.991781508959,63,1.3064606175678797,0,0
4043.117234402226,56,6.735618682141562,0,0
5917.677793910948,44,8.781783350832452,0,0
4286.648602029855,44,6.692418687591921,0,0
4069.654822234223,19,1.6313276804924821,1,0
1960.215788530121,58,4.5473714746545815,0,0
5119.380349040831,30,1.940713537235045,0,0
4968.226271711613,26,2.0647168498421085,0,0
7244.88208495819,53,0.6870326001481353,1,0
3538.332647570499,39,2.6830762907219823,0,0
4328.7254914959085,59,0.6178856324229923,0,0
4374.075525566133,43,1.208447008718755,0,0
6366.179919645212,29,5.7936895358710645,1,0
3857.0567014195717,34,0.6960829797393092,1,0
4418.532288655509,31,0.22145081100907882,0,0
4911.844764574809,31,0.2145124712068639,1,0
4279.913684734537,51,8.479716879850638,1,0
3330.3495781742076,37,2.121254203547399,1,0
4291.134989347462,28,1.5799102494049913,0,0
5610.447624789658,33,4.996098124985499,0,0
2460.22705088341,48,5.4204839966429095,0,0
4199.454511220314,23,1.2112593721886629,1,0
2949.81877759124,36,3.548768331499047,0,0
5792.569943387263,54,4.423709199177786,0,0
1715.2196428243378,21,3.1895966170416616,0,0
3161.6172290926174,64,0.4931917530841479,1,0
4565.817812596782,21,6.259593848225844,1,0
6348.286043851511,37,2.3236870817127713,0,0
3901.3746083905185,27,0.9958317058213311,1,0
3167.2007099602024,41,1.6613464835633045,0,0
6821.7356041608855,52,0.11488522710810684,1,0
1827.9791493756338,43,0.410439347539992,0,0
800.0,54,4.351497220536421,0,0
4660.021675079998,55,3.490446915129697e-05,1,0
3246.918663471083,38,1.6164709506398132,0,0
2468.15077430393,57,2.217637322801619,1,0
5062.5346709490295,56,0.16855070746949075,0,0
4365.701070656798,38,10.844452608836328,0,0
3153.8820538949076,27,0.7690360355493384,0,0
2079.5434019936583,55,1.0880735284025105,0,0
5308.685992420217,63,1.0869690741718758,0,0
4975.3017669379915,21,0.785718090676184,0,0
3851.236204330926,62,0.004424727691155174,0,0
6769.955494071499,37,3.9207287132240625,0,0
2394.872850510771,34,10.219730456708247,1,0
1711.7122436128916,24,0.761943091332633,1,1
2962.1378951781335,21,3.2634371803817617,0,0
3931.6209754667534,46,4.063181823841872,1,0
4365.009173984038,31,5.660031684111104,0,0
3638.145913215505,20,1.6478117381616766,0,0
4528.083094771445,41,1.0826122261780475,1,0
2122.6908637143342,54,1.180439757943906,1,0
6165.646906109889,33,3.7408636079772695,0,0
3876.7732324111466,21,5.091194251890158,1,0
5675.943747382192,41,0.6012633949249195,0,0
4514.088019566556,51,1.390590719900341,1,0
4685.129828730676,47,6.966533247531098,0,0
4854.650920348306,35,4.930435106188113,0,0
4671.562840025972,36,12.570928616047128,0,0
4964.084139801316,48,4.210300314960122,0,0
5993.728795198647,36,1.4986443686509932,0,0
4294.781754552205,63,2.679465069899874,1,0
5063.505636382768,36,3.2453916612387728,0,0
3865.39645856916,39,0.24511366636449333,0,0
6160.17582317421,41,2.3590586590572316,0,0
2985.4115469110957,62,3.7066053700704833,0,0
6701.410649366224,29,0.549322290938834,0,0
3939.763074033485,47,4.551009917922335,0,0
1853.8373468229279,55,2.6295719014408285,0,0
4192.156622366184,48,9.123556533331541,0,0
2978.422513787679,53,0.13004523156633752,0,0
5260.965323483086,36,0.924985808428314,1,0
3021.0640310464137,62,2.7605489854867313,1,0
3330.7248501778304,53,1.0553177073139057,0,0
1165.6889035817035,47,3.759742980566277,0,0
3321.540521126385,50,4.268940794729543,0,0
800.0,35,0.32447983811578224,0,0
1624.145764771415,45,2.163741730635228,0,0
5140.621984216446,64,2.1332648249694466,0,0
5178.700237976248,28,1.3826834285617702,0,0
4638.186342677447,62,8.105825501301526,0,0
2549.5357853061805,50,5.2721840403842455,0,0
3928.4329657870303,34,3.5841412252451392,1,0
3994.596191364147,23,3.758718611476649,1,0
2262.452966211186,21,1.8581077326878277,0,0
6255.097452650725,37,7.614714227136114,0,0
5316.043435863507,64,3.558353740002627,1,0
3668.5537392555043,44,3.916699732065849,1,0
4040.328758491796,32,5.934792812614716,0,0
4312.574211921329,23,0.9609116307863235,0,0
937.397697363564,64,4.936297605373797,0,0
3629.2339262191044,31,0.6516357956970997,0,0
2977.0236280033023,28,1.2709267324980433,0,0
2497.5699851576264,56,1.2266599088106835,0,0
3578.3495606710676,26,11.522662866757846,0,0
6696.529790274284,43,5.8250390291173275,0,0
4961.264291900515,33,3.6236398979546642,1,0
3143.231515325805,22,3.895474270260643,0,0
4858.874172034238,27,2.477107739052393,0,0
